<?xml version="1.0" encoding="UTF-8"?>
    <addon id="repository.chillywillyrepo" name="Chilly Willy Repo" version="0.1.0" provider-name="Wiltho22">
        <requires>
            <import addon="xbmc.addon" version="12.0.0"/>
        </requires>
        <extension point="xbmc.addon.repository" name="Chilly Willy Repo">
            <info compressed="false">https://github.com/spinztv20/ChillyWillyRepo_repo/addons.xml</info>
            <checksum>https://github.com/spinztv20/ChillyWillyRepo_repo/addons.xml.md5</checksum>
            <datadir zip="true">https://github.com/spinztv20/ChillyWillyRepo_repo/</datadir>
            <hashes>false</hashes>
        </extension>
        <extension point="xbmc.addon.metadata">
            <summary>Repository</summary>
            <description>Chilly Willy Repo</description>
            <platform>all</platform>
    </extension>
</addon>